{"cameraMode":{"drawMode":0,"name":"Shaded","section":"Shading Mode"},"sceneLighting":false,"audioPlay":false,"sceneViewState":{"m_AlwaysRefresh":false,"showFog":true,"showSkybox":false,"showFlares":true,"showImageEffects":true,"showParticleSystems":true,"showVisualEffectGraphs":true,"m_FxEnabled":true},"in2DMode":false,"pivot":{"x":-52.913368225097659,"y":0.7749815583229065,"z":23.598901748657228},"rotation":{"x":-0.038691043853759769,"y":0.9345459938049316,"z":-0.10729975998401642,"w":-0.337116003036499},"size":0.8381869196891785,"orthographic":false}